{"cameraMode":{"drawMode":0,"name":"Shaded","section":"Shading Mode"},"sceneLighting":false,"audioPlay":false,"sceneViewState":{"m_AlwaysRefresh":false,"showFog":true,"showSkybox":false,"showFlares":true,"showImageEffects":true,"showParticleSystems":true,"showVisualEffectGraphs":true,"m_FxEnabled":true},"in2DMode":false,"pivot":{"x":2.0754387378692629,"y":1.2158541679382325,"z":1.8427315950393677},"rotation":{"x":-0.13385798037052155,"y":-0.852759063243866,"z":0.26603570580482485,"w":-0.4290897250175476},"size":0.4322272539138794,"orthographic":false}