{"cameraMode":{"drawMode":0,"name":"Shaded","section":"Shading Mode"},"sceneLighting":false,"audioPlay":false,"sceneViewState":{"m_AlwaysRefresh":false,"showFog":true,"showSkybox":false,"showFlares":true,"showImageEffects":true,"showParticleSystems":true,"showVisualEffectGraphs":true,"m_FxEnabled":true},"in2DMode":false,"pivot":{"x":-18.206951141357423,"y":0.09162896871566773,"z":-32.40767288208008},"rotation":{"x":0.2732810080051422,"y":-0.5373918414115906,"z":0.18948592245578767,"w":0.7750096321105957},"size":0.17131246626377107,"orthographic":false}