{"cameraMode":{"drawMode":0,"name":"Shaded","section":"Shading Mode"},"sceneLighting":true,"audioPlay":false,"sceneViewState":{"m_AlwaysRefresh":false,"showFog":true,"showSkybox":false,"showFlares":true,"showImageEffects":true,"showParticleSystems":true,"showVisualEffectGraphs":true,"m_FxEnabled":true},"in2DMode":false,"pivot":{"x":-0.056736044585704806,"y":2.942476511001587,"z":9.754325866699219},"rotation":{"x":-0.001992238685488701,"y":-0.9969004988670349,"z":0.07400588691234589,"w":-0.026907900348305703},"size":0.03981947898864746,"orthographic":false}