{"cameraMode":{"drawMode":0,"name":"Shaded","section":"Shading Mode"},"sceneLighting":true,"audioPlay":false,"sceneViewState":{"m_AlwaysRefresh":false,"showFog":true,"showSkybox":false,"showFlares":true,"showImageEffects":true,"showParticleSystems":true,"showVisualEffectGraphs":true,"m_FxEnabled":true},"in2DMode":false,"pivot":{"x":0.009999990463256836,"y":1.559999942779541,"z":-8.831344604492188},"rotation":{"x":0.03469615802168846,"y":0.8748122453689575,"z":0.06335942447185517,"w":-0.47905316948890688},"size":1.43191659450531,"orthographic":false}